none	2	optimal	2.30619	2.30619	0	1125	0.00755458	5/5
none	4	optimal	3.68239	3.68985	0	1474	0.00850483	6/7
none	1	optimal	13.1002	13.1002	0	12871	0.131699	10/10
none	5	optimal	9.22103	9.22103	0	765	0.0117439	7/7
none	3	optimal	11.7156	11.7156	0	11890	0.122977	9/9
none	6	optimal	4.52543	4.52543	0	6091	0.0326362	5/5
none	7	optimal	3.84507	3.84507	0	3586	0.0213977	5/5
none	10	optimal	2.76133	2.76133	0	1734	0.0031305	4/4
none	9	optimal	7.60969	7.60969	0	18914	0.135033	8/8
none	16	optimal	3.10128	3.10128	0	974	0.0117609	4/4
none	14	optimal	5.43699	5.54898	0	28898	0.217903	7/8
none	18	optimal	3.59334	3.67465	0	4807	0.0282333	3/5
none	8	optimal	10.5728	10.5728	0	110405	0.732373	7/7
none	17	optimal	15.5994	15.5994	0	27611	0.401722	9/9
none	20	optimal	9.3549	9.3549	0	7797	0.154389	6/6
none	11	optimal	10.9953	10.9953	0	44942	0.797845	9/9
none	23	optimal	4.78327	4.78327	0	2416	0.0142961	4/4
none	25	optimal	9.23882	9.23882	0	14069	0.11603	6/6
none	13	optimal	15.0667	15.0667	0	116921	1.79226	9/9
none	12	optimal	8.23854	8.23854	0	400534	3.37826	7/7
none	28	optimal	2.61732	2.61732	0	536	0.00338104	5/5
none	24	optimal	8.44729	8.44729	0	425239	3.10578	7/7
none	30	optimal	6.21791	6.42487	0	908	0.00900138	6/7
none	15	optimal	14.2524	14.2524	0	571671	5.43856	8/8
none	32	optimal	21.4331	21.4331	0	106666	1.39576	9/9
none	33	optimal	4.89935	4.89935	0	54392	0.269854	5/5
none	34	optimal	7.34903	7.34903	0	11560	0.0550353	5/5
none	35	optimal	1.43783	1.44519	0	2310	0.0115432	2/4
none	36	optimal	4.08813	4.08813	0	7217	0.0287268	4/4
none	21	optimal	16.1027	16.1027	0	762993	7.65111	9/9
none	38	optimal	4.24769	4.24769	0	2882	0.0195491	6/6
none	39	optimal	12.9182	12.9182	0	28791	0.43166	7/7
none	37	optimal	11.3526	11.3526	0	94496	1.13037	8/8
none	41	optimal	1.74473	1.74473	0	1002	0.00104771	4/4
none	42	optimal	4.82436	4.82436	0	8057	0.051692	4/4
none	31	optimal	20.0398	20.0398	0	421714	5.91403	10/10
none	44	optimal	10.7848	10.7848	0	93630	0.796644	6/6
none	45	optimal	1.94728	1.95781	0	689	0.00396233	2/3
none	46	optimal	2.11218	2.11218	0	77	0.00595708	4/4
none	47	optimal	5.67578	5.67578	0	22003	0.0957375	6/6
none	48	optimal	1.79811	1.89066	0	1301	0.00159496	2/3
none	49	optimal	4.15743	4.15743	0	10114	0.0184823	4/4
none	50	optimal	1.67493	1.92866	0	642	0.00083425	2/4
none	51	optimal	11.4282	11.4282	0	62195	0.622091	7/7
none	52	optimal	4.24816	4.48118	0	1709	0.00551496	3/4
none	53	optimal	0.360314	0.595248	0	222	0.00270021	1/3
none	54	optimal	11.6617	11.6617	0	787	0.00658333	9/9
none	55	optimal	3.69083	3.69083	0	190	0.00119346	6/6
none	56	optimal	1.36181	1.46143	0	387	0.000780708	3/4
none	57	optimal	1.81221	2.05789	0	850	0.00440883	1/4
none	58	optimal	7.59587	7.59587	0	32260	0.309761	7/7
none	59	optimal	4.98616	4.98616	0	3767	0.006219	5/5
none	60	optimal	8.28442	8.28442	0	65648	0.358395	6/6
none	61	optimal	7.61672	7.61672	0	185	0.000855	9/9
none	62	optimal	1.42332	1.48527	0	1805	0.00394267	1/3
none	63	optimal	13.8232	13.8232	0	13520	0.123469	9/9
none	64	optimal	1.29149	1.48254	0	213	0.00033575	3/5
none	65	optimal	4.24231	4.24231	0	5536	0.010178	4/4
none	66	optimal	0.443842	0.594488	0	102	0.000153583	1/3
none	67	optimal	2.49268	2.49268	0	2381	0.00376233	4/4
none	68	optimal	5.54658	5.54658	0	32969	0.200797	5/5
none	19	optimal	16.0594	16.0594	0	1710966	15.6677	8/8
none	40	optimal	15.1715	15.1715	0	694482	7.08338	8/8
none	69	optimal	19.979	19.979	0	20422	0.338844	10/10
none	71	optimal	2.30069	2.38397	0	527	0.00175367	2/3
none	72	optimal	4.36637	4.36637	0	12052	0.0721378	4/4
none	27	optimal	13.8298	13.8298	0	1403313	15.3499	9/9
none	75	optimal	15.3552	15.3552	0	492384	5.88155	10/10
none	29	optimal	12.7716	12.7716	0	1967208	21.5437	10/10
none	70	optimal	11.983	11.983	0	943188	9.20719	7/7
none	77	optimal	8.07579	8.07579	0	19998	0.151552	5/5
none	78	optimal	2.2946	2.2946	0	581	0.000858084	3/3
none	79	optimal	1.46653	1.58317	0	2507	0.0109076	1/3
none	80	optimal	10.8848	10.8848	0	126579	0.828094	6/6
none	82	optimal	5.6807	5.6807	0	24831	0.117752	5/5
none	83	optimal	3.16692	3.16692	0	1186	0.00438621	4/4
none	81	optimal	9.31223	9.5175	0	250761	2.62484	8/9
none	84	optimal	16.4791	16.4791	0	161803	1.99817	7/7
none	85	optimal	12.2381	12.2381	0	92112	0.714657	7/7
none	87	optimal	10.3594	10.3594	0	18580	0.150666	7/7
none	86	optimal	7.0216	7.0216	0	62150	0.350897	5/5
none	88	optimal	9.60852	9.60852	0	56359	0.431345	7/7
none	90	optimal	8.13109	8.13109	0	41882	0.374593	6/6
none	89	optimal	11.609	11.609	0	272812	2.12282	8/8
none	92	optimal	9.86649	9.86649	0	63976	0.761247	10/10
none	93	optimal	8.0633	8.22733	0	2157	0.0177611	5/6
none	91	optimal	11.7733	11.7733	0	352128	3.22004	8/8
none	95	optimal	5.1761	5.1761	0	12914	0.084823	7/7
none	94	optimal	26.6235	26.6235	0	236238	3.05766	8/8
none	97	optimal	3.30641	3.30641	0	2337	0.00500475	4/4
none	98	optimal	3.94188	3.94188	0	4096	0.0243037	5/5
none	99	optimal	11.3285	11.3285	0	439259	3.07129	7/7
none	100	optimal	0.368632	0.383001	0	322	0.000437708	2/3
gl	1	optimal	13.1002	13.1002	12.1248	71	0.000601834	10/10
gl	2	optimal	2.30619	2.30619	2.02845	49	0.000165542	5/5
gl	3	optimal	11.7156	11.7156	11.02	93	0.0040805	9/9
gl	4	optimal	3.68239	3.68985	2.98923	51	0.000915041	6/7
gl	5	optimal	9.22103	9.22103	8.82689	77	0.00317062	7/7
gl	6	optimal	4.52543	4.52543	4.19527	56	0.000266708	5/5
gl	7	optimal	3.84507	3.84507	3.48977	72	0.000271125	5/5
gl	8	optimal	10.5728	10.5728	10.1432	77	0.00321058	7/7
gl	9	optimal	7.60969	7.60969	7.15859	87	0.00059925	8/8
gl	10	optimal	2.76133	2.76133	2.37341	61	0.000312792	4/4
gl	11	optimal	10.9953	10.9953	9.83964	179	0.00225529	9/9
gl	12	optimal	8.23854	8.23854	7.46853	130	0.00235379	7/7
gl	13	optimal	15.0667	15.0667	14.1882	165	0.006751	9/9
gl	14	optimal	5.43699	5.54898	5.18107	67	0.000890042	7/8
gl	15	optimal	14.2524	14.2524	13.0881	101	0.00307471	8/8
gl	16	optimal	3.10128	3.10128	2.80613	75	0.0006105	4/4
gl	17	optimal	15.5994	15.5994	14.747	88	0.000842834	9/9
gl	18	optimal	3.59334	3.67465	3.20165	66	0.000638792	3/5
gl	19	optimal	16.0594	16.0594	14.6195	224	0.00938421	8/8
gl	20	optimal	9.3549	9.3549	8.78927	106	0.000824417	6/6
gl	21	optimal	16.1027	16.1027	15.4425	106	0.000909	9/9
gl	22	optimal	18.0171	18.0171	17.3857	130	0.00869392	10/10
gl	23	optimal	4.78327	4.78327	4.69385	75	0.000774333	4/4
gl	24	optimal	8.44729	8.44729	6.97506	107	0.00403504	7/7
gl	25	optimal	9.23882	9.23882	8.92421	106	0.000893083	6/6
gl	26	optimal	21.7117	21.7117	20.6271	126	0.00589729	10/10
gl	27	optimal	13.8298	13.8298	12.5408	126	0.00503454	9/9
gl	28	optimal	2.61732	2.61732	2.61732	62	0.000287125	5/5
gl	29	optimal	12.7716	12.7716	11.426	112	0.00466767	10/10
gl	30	optimal	6.21791	6.42487	5.84404	48	0.000239167	6/7
gl	31	optimal	20.0398	20.0398	19.1148	105	0.00414513	10/10
gl	32	optimal	21.4331	21.4331	20.8564	128	0.00524083	9/9
gl	33	optimal	4.89935	4.89935	4.6219	91	0.000856709	5/5
gl	34	optimal	7.34903	7.34903	7.09762	91	0.000556375	5/5
gl	35	optimal	1.43783	1.44519	1.33347	61	0.000217708	2/4
gl	36	optimal	4.08813	4.08813	3.81471	75	0.000272625	4/4
gl	37	optimal	11.3526	11.3526	10.9257	93	0.00387792	8/8
gl	38	optimal	4.24769	4.24769	3.81438	56	0.00030575	6/6
gl	39	optimal	12.9182	12.9182	12.1489	120	0.00237358	7/7
gl	40	optimal	15.1715	15.1715	13.8676	91	0.0048825	8/8
gl	41	optimal	1.74473	1.74473	1.49193	44	0.000302458	4/4
gl	42	optimal	4.82436	4.82436	4.54781	75	0.000283292	4/4
gl	43	optimal	17.2146	17.2146	16.5108	133	0.008282	8/8
gl	44	optimal	10.7848	10.7848	10.1228	106	0.000895958	6/6
gl	45	optimal	1.94728	1.95781	1.88173	59	0.000147541	2/3
gl	46	optimal	2.11218	2.11218	1.85013	60	0.000201209	4/4
gl	47	optimal	5.67578	5.67578	5.05946	95	0.00415633	6/6
gl	48	optimal	1.79811	1.89066	1.64054	63	0.000208291	2/3
gl	49	optimal	4.15743	4.15743	4.12944	75	0.000261584	4/4
gl	50	optimal	1.67493	1.92866	1.65032	53	0.000208083	2/4
gl	51	optimal	11.4282	11.4282	10.5864	131	0.00613983	7/7
gl	52	optimal	4.24816	4.48118	3.95931	83	0.00077825	3/4
gl	53	optimal	0.360314	0.595248	0.327092	32	7.7417e-05	1/3
gl	54	optimal	11.6617	11.6617	11.1035	58	0.00276875	9/9
gl	55	optimal	3.69083	3.69083	3.61616	44	0.00244525	6/6
gl	56	optimal	1.36181	1.46143	1.15911	34	0.000139542	3/4
gl	57	optimal	1.81221	2.05789	1.70558	58	0.000404416	1/4
gl	58	optimal	7.59587	7.59587	7.07375	323	0.00715804	7/7
gl	59	optimal	4.98616	4.98616	4.77501	76	0.00414571	5/5
gl	60	optimal	8.28442	8.28442	7.62529	107	0.002952	6/6
gl	61	optimal	7.61672	7.61672	7.14791	68	0.000930959	9/9
gl	62	optimal	1.42332	1.48527	1.32381	67	0.000302167	1/3
gl	63	optimal	13.8232	13.8232	13.2195	99	0.000864625	9/9
gl	64	optimal	1.29149	1.48254	1.00538	42	0.000146084	3/5
gl	65	optimal	4.24231	4.24231	4.04421	75	0.000640708	4/4
gl	66	optimal	0.443842	0.594488	0.411399	26	0.000105375	1/3
gl	67	optimal	2.49268	2.49268	2.09505	96	0.00476642	4/4
gl	68	optimal	5.54658	5.54658	5.27913	91	0.00317658	5/5
gl	69	optimal	19.979	19.979	18.699	105	0.0012085	10/10
gl	70	optimal	11.983	11.983	11.1664	127	0.00116346	7/7
gl	71	optimal	2.30069	2.38397	2.17308	58	0.000351959	2/3
gl	72	optimal	4.36637	4.36637	3.86864	78	0.003048	4/4
gl	73	optimal	12.5744	12.5744	11.3649	136	0.00629046	9/9
gl	74	optimal	26.8318	26.8318	24.596	149	0.00735358	10/10
gl	75	optimal	15.3552	15.3552	14.0471	104	0.00809013	10/10
gl	76	optimal	18.1736	18.1736	16.8237	126	0.0036005	10/10
gl	77	optimal	8.07579	8.07579	7.53708	123	0.00067525	5/5
gl	78	optimal	2.2946	2.2946	2.25671	58	0.000122208	3/3
gl	79	optimal	1.46653	1.58317	1.20334	65	0.000156333	1/3
gl	80	optimal	10.8848	10.8848	9.80176	114	0.00443221	6/6
gl	81	optimal	9.31223	9.5175	8.37427	106	0.00312129	8/9
gl	82	optimal	5.6807	5.6807	4.64571	170	0.00483204	5/5
gl	83	optimal	3.16692	3.16692	3.01658	76	0.000674417	4/4
gl	84	optimal	16.4791	16.4791	15.8574	120	0.00136842	7/7
gl	85	optimal	12.2381	12.2381	11.4052	107	0.00380846	7/7
gl	86	optimal	7.0216	7.0216	6.60308	91	0.000609292	5/5
gl	87	optimal	10.3594	10.3594	9.77734	89	0.00418779	7/7
gl	88	optimal	9.60852	9.60852	9.01253	77	0.00123704	7/7
gl	89	optimal	11.609	11.609	11.0941	81	0.00417825	8/8
gl	90	optimal	8.13109	8.13109	7.2103	180	0.000808917	6/6
gl	91	optimal	11.7733	11.7733	11.0508	91	0.000662083	8/8
gl	92	optimal	9.86649	9.86649	9.26785	87	0.00137513	10/10
gl	93	optimal	8.0633	8.22733	7.35451	67	0.000789875	5/6
gl	94	optimal	26.6235	26.6235	25.7171	133	0.005641	8/8
gl	95	optimal	5.1761	5.1761	4.44227	70	0.000567958	7/7
gl	96	optimal	27.7974	27.7974	26.1052	195	0.0135637	10/10
gl	97	optimal	3.30641	3.30641	2.59226	97	0.000569083	4/4
gl	98	optimal	3.94188	3.94188	3.77017	60	0.00453846	5/5
gl	99	optimal	11.3285	11.3285	11.1199	98	0.00426975	7/7
gl	100	optimal	0.368632	0.383001	0.353131	37	8.5084e-05	2/3
lap	1	optimal	13.1002	13.1002	12.1248	71	0.00379792	10/10
lap	2	optimal	2.30619	2.30619	2.06024	49	0.000536833	5/5
lap	3	optimal	11.7156	11.7156	11.02	93	0.00113188	9/9
lap	4	optimal	3.68239	3.68985	3.00943	51	0.000298583	6/7
lap	5	optimal	9.22103	9.22103	8.82689	77	0.00414058	7/7
lap	6	optimal	4.52543	4.52543	4.19527	56	0.000433708	5/5
lap	7	optimal	3.84507	3.84507	3.48977	72	0.000876917	5/5
lap	8	optimal	10.5728	10.5728	10.1432	77	0.00185263	7/7
lap	9	optimal	7.60969	7.60969	7.15859	87	0.00426571	8/8
lap	10	optimal	2.76133	2.76133	2.37341	61	0.00172596	4/4
lap	11	optimal	10.9953	10.9953	9.83964	179	0.00470183	9/9
lap	12	optimal	8.23854	8.23854	7.46853	130	0.00488225	7/7
lap	13	optimal	15.0667	15.0667	14.1882	165	0.0066475	9/9
lap	14	optimal	5.43699	5.54898	5.18107	67	0.00246337	7/8
lap	15	optimal	14.2524	14.2524	13.0881	101	0.00109946	8/8
lap	16	optimal	3.10128	3.10128	2.80613	75	0.000546792	4/4
lap	17	optimal	15.5994	15.5994	14.747	88	0.0054235	9/9
lap	18	optimal	3.59334	3.67465	3.20165	66	0.000328292	3/5
lap	19	optimal	16.0594	16.0594	14.7954	224	0.134899	8/8
lap	20	optimal	9.3549	9.3549	8.81165	106	0.000923375	6/6
lap	21	optimal	16.1027	16.1027	15.4425	106	0.00688808	9/9
lap	22	optimal	18.0171	18.0171	17.3857	130	0.008344	10/10
none	22	timeout	43.2441	18.0171	0	5607424	60.0093	7/10
lap	23	optimal	4.78327	4.78327	4.75842	75	0.000670708	4/4
lap	24	optimal	8.44729	8.44729	6.97506	107	0.0055925	7/7
lap	25	optimal	9.23882	9.23882	8.92421	106	0.000921875	6/6
lap	26	optimal	21.7117	21.7117	20.6271	126	0.00888608	10/10
lap	27	optimal	13.8298	13.8298	12.5408	126	0.00179046	9/9
lap	28	optimal	2.61732	2.61732	2.61732	62	0.000669291	5/5
lap	29	optimal	12.7716	12.7716	11.426	112	0.00281833	10/10
lap	30	optimal	6.21791	6.42487	5.84404	48	0.000516792	6/7
none	26	timeout	43.9646	21.7117	0	4361216	60.0108	9/10
lap	31	optimal	20.0398	20.0398	19.1148	105	0.007502	10/10
lap	32	optimal	21.4331	21.4331	20.8564	128	0.00512267	9/9
lap	33	optimal	4.89935	4.89935	4.6219	91	0.000648084	5/5
lap	34	optimal	7.34903	7.34903	7.09762	91	0.000667583	5/5
lap	35	optimal	1.43783	1.44519	1.33347	61	0.000252042	2/4
lap	36	optimal	4.08813	4.08813	3.81471	75	0.00184812	4/4
lap	37	optimal	11.3526	11.3526	10.9257	93	0.00138437	8/8
lap	38	optimal	4.24769	4.24769	3.81438	56	0.000414958	6/6
lap	39	optimal	12.9182	12.9182	12.1489	120	0.00417258	7/7
lap	40	optimal	15.1715	15.1715	13.8676	91	0.00833229	8/8
lap	41	optimal	1.74473	1.74473	1.49193	44	0.000216625	4/4
lap	42	optimal	4.82436	4.82436	4.54781	75	0.000870833	4/4
lap	44	optimal	10.7848	10.7848	10.1228	106	0.00164188	6/6
lap	43	optimal	17.2146	17.2146	16.5108	133	0.0142288	8/8
lap	45	optimal	1.94728	1.95781	1.88173	59	0.000287709	2/3
lap	46	optimal	2.11218	2.11218	1.85013	60	0.000242666	4/4
lap	47	optimal	5.67578	5.67578	5.05946	95	0.00189087	6/6
lap	48	optimal	1.79811	1.89066	1.64054	63	0.000679875	2/3
lap	49	optimal	4.15743	4.15743	4.12944	75	0.000307083	4/4
lap	50	optimal	1.67493	1.92866	1.65032	53	0.000535916	2/4
lap	51	optimal	11.4282	11.4282	10.5864	131	0.00784712	7/7
lap	52	optimal	4.24816	4.48118	3.95931	83	0.000509167	3/4
lap	53	optimal	0.360314	0.595248	0.327092	32	0.000186041	1/3
lap	54	optimal	11.6617	11.6617	11.1035	58	0.00051525	9/9
lap	55	optimal	3.69083	3.69083	3.61616	44	0.000337791	6/6
lap	56	optimal	1.36181	1.46143	1.15911	34	0.000147709	3/4
lap	57	optimal	1.81221	2.05789	1.70558	58	0.00026875	1/4
lap	58	optimal	7.59587	7.59587	7.10283	321	0.0041435	7/7
lap	59	optimal	4.98616	4.98616	4.77501	76	0.00657429	5/5
lap	60	optimal	8.28442	8.28442	7.62529	107	0.0008185	6/6
lap	61	optimal	7.61672	7.61672	7.14791	68	0.00271558	9/9
lap	62	optimal	1.42332	1.48527	1.32381	67	0.000872917	1/3
lap	63	optimal	13.8232	13.8232	13.2195	99	0.00693829	9/9
lap	64	optimal	1.29149	1.48254	1.00538	42	0.000187708	3/5
lap	65	optimal	4.24231	4.24231	4.04421	75	0.00186304	4/4
lap	66	optimal	0.443842	0.594488	0.411399	26	9.9833e-05	1/3
lap	67	optimal	2.49268	2.49268	2.09505	96	0.000800667	4/4
lap	68	optimal	5.54658	5.54658	5.27913	91	0.000762875	5/5
lap	69	optimal	19.979	19.979	18.699	105	0.00860296	10/10
lap	70	optimal	11.983	11.983	11.2491	127	0.00514683	7/7
lap	71	optimal	2.30069	2.38397	2.17308	58	0.000344167	2/3
lap	72	optimal	4.36637	4.36637	3.86864	78	0.000443125	4/4
lap	73	optimal	12.5744	12.5744	11.3649	136	0.00217162	9/9
lap	74	optimal	26.8318	26.8318	24.596	149	0.0100674	10/10
lap	75	optimal	15.3552	15.3552	14.0471	104	0.00576079	10/10
lap	76	optimal	18.1736	18.1736	16.8237	126	0.012876	10/10
lap	77	optimal	8.07579	8.07579	7.53708	123	0.00307179	5/5
lap	78	optimal	2.2946	2.2946	2.25671	58	0.000217	3/3
lap	79	optimal	1.46653	1.58317	1.22071	65	0.000230875	1/3
lap	80	optimal	10.8848	10.8848	9.80176	114	0.00115871	6/6
lap	81	optimal	9.31223	9.5175	8.44636	106	0.003845	8/9
none	73	optimal	12.5744	12.5744	0	4319886	47.7766	9/9
lap	82	optimal	5.6807	5.6807	4.64571	170	0.00447958	5/5
lap	83	optimal	3.16692	3.16692	3.01658	76	0.000425625	4/4
lap	84	optimal	16.4791	16.4791	15.8574	120	0.00469929	7/7
lap	85	optimal	12.2381	12.2381	11.4052	107	0.00189017	7/7
lap	86	optimal	7.0216	7.0216	6.60308	91	0.00141271	5/5
lap	87	optimal	10.3594	10.3594	9.77734	89	0.00336088	7/7
lap	88	optimal	9.60852	9.60852	9.04795	77	0.000551209	7/7
lap	89	optimal	11.609	11.609	11.0941	81	0.00363154	8/8
lap	90	optimal	8.13109	8.13109	7.34572	176	0.00413713	6/6
lap	91	optimal	11.7733	11.7733	11.0508	91	0.00348629	8/8
lap	92	optimal	9.86649	9.86649	9.26785	87	0.00325958	10/10
lap	93	optimal	8.0633	8.22733	7.35451	67	0.000447375	5/6
lap	94	optimal	26.6235	26.6235	25.7171	133	0.00794833	8/8
lap	96	optimal	27.7974	27.7974	26.1052	195	0.00737542	10/10
lap	97	optimal	3.30641	3.30641	2.59226	97	0.0224333	4/4
lap	98	optimal	3.94188	3.94188	3.77017	60	0.000415917	5/5
lap	95	optimal	5.1761	5.1761	4.44227	70	0.000790875	7/7
lap	99	optimal	11.3285	11.3285	11.1199	98	0.00164663	7/7
lap	100	optimal	0.368632	0.383001	0.353131	37	0.0002635	2/3
dual	1	optimal	13.1002	13.1002	13.1002	71	0.00707412	10/10
dual	2	optimal	2.30619	2.30619	2.27463	48	0.00282771	5/5
dual	3	optimal	11.7156	11.7156	11.7156	93	0.014791	9/9
dual	4	optimal	3.68239	3.68985	3.58719	51	0.00148783	6/7
dual	5	optimal	9.22103	9.22103	9.22103	77	0.00509288	7/7
dual	6	optimal	4.52543	4.52543	4.52543	56	0.00280754	5/5
dual	7	optimal	3.84507	3.84507	3.84507	64	0.00860962	5/5
dual	8	optimal	10.5728	10.5728	10.5728	77	0.0140193	7/7
dual	9	optimal	7.60969	7.60969	7.60969	87	0.0104928	8/8
dual	10	optimal	2.76133	2.76133	2.75453	59	0.00140558	4/4
dual	11	optimal	10.9953	10.9953	10.9953	105	0.0144004	9/9
dual	12	optimal	8.23854	8.23854	8.23854	110	0.0197029	7/7
dual	13	optimal	15.0667	15.0667	15.0667	125	0.0265034	9/9
dual	14	optimal	5.43699	5.54898	5.43699	67	0.00152038	7/8
dual	15	optimal	14.2524	14.2524	14.2524	101	0.0184478	8/8
dual	16	optimal	3.10128	3.10128	3.10128	75	0.0144819	4/4
dual	17	optimal	15.5994	15.5994	15.5994	88	0.0166157	9/9
dual	18	optimal	3.59334	3.67465	3.59334	66	0.0101586	3/5
dual	20	optimal	9.3549	9.3549	9.3549	106	0.00901558	6/6
dual	19	optimal	16.0594	16.0594	16.0594	133	0.0481106	8/8
dual	22	optimal	18.0171	18.0171	18.0171	130	0.033627	10/10
dual	21	optimal	16.1027	16.1027	16.1027	106	0.163488	9/9
dual	23	optimal	4.78327	4.78327	4.78327	75	0.00668271	4/4
dual	24	optimal	8.44729	8.44729	8.44729	107	0.0295229	7/7
dual	25	optimal	9.23882	9.23882	9.23882	106	0.0217257	6/6
dual	26	optimal	21.7117	21.7117	21.7117	126	0.0284831	10/10
dual	27	optimal	13.8298	13.8298	13.8298	126	0.0389965	9/9
dual	28	optimal	2.61732	2.61732	2.61732	62	0.00660417	5/5
dual	29	optimal	12.7716	12.7716	12.7716	108	0.0224605	10/10
dual	30	optimal	6.21791	6.42487	6.21791	48	0.00303104	6/7
dual	33	optimal	4.89935	4.89935	4.89935	91	0.00159979	5/5
dual	34	optimal	7.34903	7.34903	7.34903	91	0.00829571	5/5
dual	31	optimal	20.0398	20.0398	20.0398	105	0.0367668	10/10
dual	32	optimal	21.4331	21.4331	21.4331	128	0.0575936	9/9
dual	35	optimal	1.43783	1.44519	1.43783	59	0.000946292	2/4
dual	36	optimal	4.08813	4.08813	4.08813	75	0.00539246	4/4
dual	37	optimal	11.3526	11.3526	11.3526	93	0.015985	8/8
dual	38	optimal	4.24769	4.24769	4.24769	48	0.00226254	6/6
dual	41	optimal	1.74473	1.74473	1.74473	44	0.000398792	4/4
dual	40	optimal	15.1715	15.1715	15.1715	91	0.006536	8/8
dual	42	optimal	4.82436	4.82436	4.82436	75	0.00347883	4/4
dual	39	optimal	12.9182	12.9182	12.9182	120	0.0598824	7/7
dual	43	optimal	17.2146	17.2146	17.2146	133	0.0343298	8/8
dual	44	optimal	10.7848	10.7848	10.7848	106	0.0172453	6/6
dual	45	optimal	1.94728	1.95781	1.94728	58	0.00214233	2/3
dual	46	optimal	2.11218	2.11218	2.11218	59	0.003731	4/4
dual	47	optimal	5.67578	5.67578	5.67578	95	0.0103277	6/6
dual	48	optimal	1.79811	1.89066	1.79811	58	0.00104713	2/3
dual	49	optimal	4.15743	4.15743	4.15743	75	0.00325483	4/4
dual	50	optimal	1.67493	1.92866	1.67493	53	0.000941958	2/4
dual	51	optimal	11.4282	11.4282	11.4282	120	0.0245631	7/7
dual	52	optimal	4.24816	4.48118	4.24816	75	0.007121	3/4
dual	53	optimal	0.360314	0.595248	0.360314	32	0.00358192	1/3
dual	54	optimal	11.6617	11.6617	11.6617	58	0.0104379	9/9
dual	55	optimal	3.69083	3.69083	3.69083	44	0.000576708	6/6
dual	56	optimal	1.36181	1.46143	1.36181	29	0.000232875	3/4
dual	57	optimal	1.81221	2.05789	1.81221	49	0.000704792	1/4
dual	58	optimal	7.59587	7.59587	7.59587	97	0.0178379	7/7
dual	59	optimal	4.98616	4.98616	4.98616	76	0.00370896	5/5
dual	60	optimal	8.28442	8.28442	8.28442	96	0.0143648	6/6
dual	61	optimal	7.61672	7.61672	7.61672	68	0.00405817	9/9
dual	62	optimal	1.42332	1.48527	1.42332	58	0.000983459	1/3
dual	63	optimal	13.8232	13.8232	13.8232	89	0.0101409	9/9
dual	64	optimal	1.29149	1.48254	1.19448	33	0.00103196	3/5
dual	66	optimal	0.443842	0.594488	0.443842	26	0.000196667	1/3
dual	65	optimal	4.24231	4.24231	4.24231	75	0.00668392	4/4
dual	67	optimal	2.49268	2.49268	2.47284	75	0.00771225	4/4
dual	68	optimal	5.54658	5.54658	5.54658	91	0.00969425	5/5
dual	69	optimal	19.979	19.979	19.979	105	0.0332278	10/10
dual	70	optimal	11.983	11.983	11.983	120	0.0111236	7/7
dual	71	optimal	2.30069	2.38397	2.30069	58	0.00238563	2/3
dual	72	optimal	4.36637	4.36637	4.36637	75	0.00375063	4/4
dual	73	optimal	12.5744	12.5744	12.5744	134	0.0293719	9/9
dual	74	optimal	26.8318	26.8318	26.8318	149	0.0696434	10/10
dual	75	optimal	15.3552	15.3552	15.3552	97	0.0206214	10/10
dual	76	optimal	18.1736	18.1736	18.1736	126	0.0504595	10/10
dual	77	optimal	8.07579	8.07579	8.07579	91	0.0145414	5/5
dual	78	optimal	2.2946	2.2946	2.2946	58	0.0015835	3/3
dual	79	optimal	1.46653	1.58317	1.42025	63	0.000565833	1/3
dual	80	optimal	10.8848	10.8848	10.8848	106	0.0142426	6/6
dual	81	optimal	9.31223	9.5175	9.31223	106	0.00832854	8/9
dual	83	optimal	3.16692	3.16692	3.16692	75	0.00598954	4/4
dual	82	optimal	5.6807	5.6807	5.6807	91	0.02374	5/5
dual	85	optimal	12.2381	12.2381	12.2381	107	0.011391	7/7
dual	84	optimal	16.4791	16.4791	16.4791	120	0.0485878	7/7
dual	86	optimal	7.0216	7.0216	7.0216	91	0.00911454	5/5
dual	87	optimal	10.3594	10.3594	10.3594	89	0.00982121	7/7
dual	88	optimal	9.60852	9.60852	9.60852	77	0.00484254	7/7
dual	89	optimal	11.609	11.609	11.609	81	0.0045225	8/8
dual	90	optimal	8.13109	8.13109	8.13109	92	0.00722171	6/6
dual	92	optimal	9.86649	9.86649	9.86649	87	0.0114624	10/10
dual	91	optimal	11.7733	11.7733	11.7733	91	0.0235042	8/8
none	43	timeout	56.6544	17.2146	0	6389760	60.0011	6/8
dual	93	optimal	8.0633	8.22733	8.0633	62	0.0052005	5/6
dual	94	optimal	26.6235	26.6235	26.6235	133	0.0439259	8/8
dual	95	optimal	5.1761	5.1761	5.1761	62	0.00821629	7/7
dual	97	optimal	3.30641	3.30641	3.30641	75	0.00306192	4/4
dual	96	optimal	27.7974	27.7974	27.7974	156	0.0772904	10/10
dual	98	optimal	3.94188	3.94188	3.94188	60	0.00467021	5/5
dual	99	optimal	11.3285	11.3285	11.3285	98	0.0148593	7/7
dual	100	optimal	0.368632	0.383001	0.368632	37	0.000652	2/3
none	74	timeout	112.846	26.8318	0	6291456	60.002	5/10
none	76	timeout	51.0769	18.1736	0	6252544	60.005	9/10
none	96	timeout	119.664	27.7974	0	8562688	60.0062	6/10
